"name","set","collector number","scryfallId","tcgplayerProductId"
"Acrobatic Cheerleader","DSK","1","6f1a7590-3eee-4803-b192-d4fb771e6a86","575155"
"Cult Healer","DSK","2","9c9b8fbe-8a5e-4b62-b53f-9ead8147bbbb","576488"
"Dazzling Theater // Prop Room","DSK","3","8e2fae80-60af-44cf-95b4-177837435d1a","579140"
"Dollmaker's Shop // Porcelain Gallery","DSK","4","c5ee6651-9946-4bae-b21e-6cf28fa77b13","575044"
"Emerge from the Cocoon","DSK","5","3ba16fbf-2d44-4337-87cb-6ff6b84a258a","576869"
"Enduring Innocence","DSK","6","08f79439-b8f8-418f-9772-26d81844749e","575047"
"Ethereal Armor","DSK","7","fd0e8a82-0201-483e-a976-5f29764b35a4","575288"
"Exorcise","DSK","8","f49006f2-a097-417d-8eb0-b8016ff2e0d5","578333"
"Fear of Abduction","DSK","9","fc9374be-5e4b-4c23-8b6e-94c03d4f5ef1","577646"
"Fear of Immobility","DSK","10","9220c8fa-6ef7-4bc1-acb9-fc54cc43e498","575049"
"Fear of Surveillance","DSK","11","6e98559d-d9fd-4bdf-8df9-389eee756a3a","577148"
"Friendly Ghost","DSK","12","20e0dba2-d15c-4d55-9b68-00648175e760","577647"
"Ghostly Dancers","DSK","13","ab38adb5-8f16-4a4a-8dbc-f6ec14ca6c9f","578873"
"Glimmer Seeker","DSK","14","7f06bbb1-0c7d-4803-9b35-8a2206803eed","575106"
"Grand Entryway // Elegant Rotunda","DSK","15","ef8a8ba7-f955-425d-9a16-816fc48a2a83","577648"
"Hardened Escort","DSK","16","12054e10-46d6-4581-a7e5-ff277cb0e229","577650"
"Jump Scare","DSK","17","a2dd8903-31ca-470d-b2ff-280f6d40c794","578049"
"Leyline of Hope","DSK","18","40960e47-3065-485e-aede-29a62411034e","557278"
"Lionheart Glimmer","DSK","19","483e1c6f-331c-45f1-bf5d-9b9742aa8903","577651"
"Living Phone","DSK","20","8266f93b-f91c-4427-a222-075ceb0be3af","578334"
"Optimistic Scavenger","DSK","21","9c72fc6f-6a96-420d-812d-b5cf0f57cc7f","578051"
"Orphans of the Wheat","DSK","22","8ef4aab1-8bc0-4652-91d7-3e8b20b411ad","576870"
"Overlord of the Mistmoors","DSK","23","6bcafc2e-cef6-412d-8c5d-1658c3337292","575052"
"Patched Plaything","DSK","24","513da431-4f3a-4f4a-8be4-7e162dd93307","575107"
"Possessed Goat","DSK","25","cd02b8ff-ff65-4a38-b8fb-f8dd130edbf7","579354"
"Reluctant Role Model","DSK","26","4dde86d6-34a0-4b3b-a46a-d9941501d08c","577652"
"Savior of the Small","DSK","27","e2ed31ea-c278-4e8c-afa7-6d09af399345","576489"
"Seized from Slumber","DSK","28","24456083-0c76-46c5-9b18-8d468702df69","579146"
"Shardmage's Rescue","DSK","29","aed0cafa-d701-4e1f-9773-abcf817c244c","575289"
"Sheltered by Ghosts","DSK","30","389f3f7b-be40-4a2d-b5cc-28471a577981","578877"
"Shepherding Spirits","DSK","31","86c02ab1-0fb2-4cb0-a871-bfad406726fc","575156"
"Split Up","DSK","32","1bb9a5b1-48d2-453e-8991-c788bc63e482","575054"
"Splitskin Doll","DSK","33","0453be94-e59b-48f1-a488-7a9fd96a627e","577149"
"Surgical Suite // Hospital Room","DSK","34","96b2dc14-4477-4444-a9eb-4fa4c02dfbde","578878"
"Toby, Beastie Befriender","DSK","35","f33d3948-fe7b-4c3b-ab67-1022623fbb2b","562743"
"Trapped in the Screen","DSK","36","1fe95bfb-8ca7-434f-a2e7-a6b2e699584e","576490"
"Unidentified Hovership","DSK","37","bd23f168-9ad0-4b4e-bfff-ae004c163727","578875"
"Unsettling Twins","DSK","38","85da2e65-4e22-48b6-98ad-6969684d69e1","576871"
"Unwanted Remake","DSK","39","7b54447f-1daf-4352-b5c3-3c0ec8b8f4d0","575056"
"Veteran Survivor","DSK","40","39368ea2-f665-40b1-b042-c0182f7c6df0","575058"
"The Wandering Rescuer","DSK","41","e1ccca86-df8b-4fd9-8fdf-0a5a7b14cdee","562744"
"Abhorrent Oculus","DSK","42","d2705b43-a94a-44c0-8740-82e0b296820c","578053"
"Bottomless Pool // Locker Room","DSK","43","606fe87c-d17b-4fa7-8e82-e7002d8229ef","576872"
"Central Elevator // Promising Stairs","DSK","44","e548befc-4cd4-46be-951f-045452261cda","575278"
"Clammy Prowler","DSK","45","237f0b93-f12e-4c5f-a3d7-83e8f20f8493","577150"
"Creeping Peeper","DSK","46","7ad59368-1335-4d8e-a254-ccd889933e57","577655"
"Cursed Windbreaker","DSK","47","f651e216-f9da-4696-8a1d-6d674e9044c0","576873"
"Daggermaw Megalodon","DSK","48","e72a38b9-29aa-4804-ab27-4c40321f0bc3","577656"
"Don't Make a Sound","DSK","49","b5f42e59-7315-41cb-9c41-346e44f0c5fb","579306"
"Duskmourn's Domination","DSK","50","1d96dbc9-c2fd-42c1-9d55-5c14fa1c1c6f","578084"
"Enduring Curiosity","DSK","51","8616629e-08f9-41ad-bfec-f86c8096f1cb","575157"
"Enter the Enigma","DSK","52","cf5479c7-9e46-4a57-abe7-8cc670de89e4","578054"
"Entity Tracker","DSK","53","ae54d697-6d06-4af1-a617-8a47a6ab9c01","578335"
"Erratic Apparition","DSK","54","a74fd612-2890-4333-a379-5bf7650fbb87","578338"
"Fear of Failed Tests","DSK","55","a87c39df-7636-454b-8485-a1cc9362fd84","575103"
"Fear of Falling","DSK","56","0e814e48-cd9d-428f-90e2-74d97cb9c8f1","577657"
"Fear of Impostors","DSK","57","bdee441e-14ab-42d1-b447-5a6488fd713a","576491"
"Fear of Isolation","DSK","58","69aa6054-8c59-4bbc-a283-adb453639786","575104"
"Floodpits Drowner","DSK","59","a6a62aa3-8edb-4000-8ebd-15ec4b00eed7","576874"
"Get Out","DSK","60","5d9471c8-2db9-4ce3-a1e5-42b85134cb8e","578879"
"Ghostly Keybearer","DSK","61","11d04a98-6997-4653-9719-e6b215567599","576492"
"Glimmerburst","DSK","62","fe1ab8db-3994-4b6d-9eaf-75243a78b715","578881"
"Leyline of Transformation","DSK","63","4bd941ca-f3d2-44c1-8df3-851362f6b848","576493"
"Marina Vendrell's Grimoire","DSK","64","1ab1aef7-4171-4869-8eb5-fe42e3ca9e45","579309"
"Meat Locker // Drowned Diner","DSK","65","b3c773f0-9e65-48de-a362-a9a943198693","579316"
"The Mindskinner","DSK","66","7f1bb4c5-99be-46cc-ad54-7affb5f0144c","577660"
"Mirror Room // Fractured Realm","DSK","67","c2e085dd-a448-4f5a-9cfa-5c2034234e7c","575162"
"Overlord of the Floodpits","DSK","68","5fca5de8-9cda-4370-9f72-4462f8cfd696","575284"
"Paranormal Analyst","DSK","69","60cf954a-5503-460c-8720-8960842eea47","578055"
"Piranha Fly","DSK","70","cd891675-12d4-40df-996a-97d694155227","575165"
"Scrabbling Skullcrab","DSK","71","c1017b8e-e7fa-41de-8eb2-2e4a59db5117","575059"
"Silent Hallcreeper","DSK","72","aac4f0cc-63be-4f08-956e-39839c9735ba","577658"
"Stalked Researcher","DSK","73","8a26ccad-adfa-43cc-be4c-dc8dd584bca3","576495"
"Stay Hidden, Stay Silent","DSK","74","b661ffe7-4f58-43fe-a1f1-dd7a6d4d28a7","575166"
"The Tale of Tamiyo","DSK","75","aaeba193-05d3-4c2d-a304-bbe7114c2eef","577662"
"Tunnel Surveyor","DSK","76","12ee2690-f464-4a38-81e1-6dd2053a3327","576875"
"Twist Reality","DSK","77","644714dd-7a0b-4d4b-9a61-8f6e505b1d22","577151"
"Unable to Scream","DSK","78","7c59e0cd-10a8-4a32-9c0a-a2c6ef1ed9a6","577663"
"Underwater Tunnel // Slimy Aquarium","DSK","79","2dd69f2d-8c9c-41fc-93ea-48fc7a6d5272","579323"
"Unnerving Grasp","DSK","80","5602756d-76d2-4502-965f-36fc44596123","578880"
"Unwilling Vessel","DSK","81","5d1758ed-fe33-4ead-8c83-e54fabcb4cfe","575105"
"Vanish from Sight","DSK","82","5254988b-3113-42f7-b751-517ffb3b40f0","577664"
"Appendage Amalgam","DSK","83","d16b3cf3-7b85-4153-b25a-e6b5fce725cf","577665"
"Balemurk Leech","DSK","84","f0621b32-95c5-4f70-96cf-d46d20efc85d","578056"
"Cackling Slasher","DSK","85","b1269ccf-febf-42b0-8c20-21ccb731a3ec","578339"
"Come Back Wrong","DSK","86","72ee3b45-aa4e-4c5b-a9e6-608bfbd93f8b","562742"
"Commune with Evil","DSK","87","9ab94ebe-b51b-4c6f-af43-0ed80e2808a3","577152"
"Cracked Skull","DSK","88","7616ad5e-ed30-4876-8743-6f0f9f143ea1","578882"
"Cynical Loner","DSK","89","cc93bcb8-778d-491e-877b-e6ad432764cb","576876"
"Dashing Bloodsucker","DSK","90","790a90cc-d36f-43b5-8423-89e30bdf7b9f","576896"
"Defiled Crypt // Cadaver Lab","DSK","91","d94fb4da-0d3f-4d84-966b-914b84b23289","579320"
"Demonic Counsel","DSK","92","ff79c845-4115-4fbf-b20f-37470f2bf7fb","575060"
"Derelict Attic // Widow's Walk","DSK","93","2cae24c1-53f1-4f3f-8795-b634c46a17c4","579325"
"Doomsday Excruciator","DSK","94","542c89b6-48c6-4fcb-8a4c-b5ed2fa1d384","562745"
"Enduring Tenacity","DSK","95","d5756d4b-3068-412c-8643-880d3459151e","562746"
"Fanatic of the Harrowing","DSK","96","2a0acb05-91e0-4f7c-b48b-99e1068fad16","575168"
"Fear of Lost Teeth","DSK","97","259045fe-f349-4be1-bf29-465d084ed35e","575062"
"Fear of the Dark","DSK","98","8700eb8d-1cc0-45ff-b769-c875ee6500ea","576496"
"Final Vengeance","DSK","99","648da934-71f6-4945-a08f-09698414417b","576877"
"Funeral Room // Awakening Hall","DSK","100","48237c98-5067-47a8-af74-7b9bce57c6a4","576497"
"Give In to Violence","DSK","101","00ac1759-d4cc-41d5-a9b7-a89b80d2190c","577153"
"Grievous Wound","DSK","102","6ed3dd5e-cd27-4b18-ad60-f5c4d9a811b9","575280"
"Innocuous Rat","DSK","103","94edbbc5-5673-4753-bfad-4432c4b7dca4","577666"
"Killer's Mask","DSK","104","f1fc02ae-77b8-4e5e-94b4-22ecf7ae40ae","578883"
"Let's Play a Game","DSK","105","645911b4-7728-4380-9097-e4139b986423","578153"
"Leyline of the Void","DSK","106","aeaa3aff-608d-4723-bb7c-8daedebe9f36","575262"
"Live or Die","DSK","107","cd81e438-e38f-42a1-b677-202dbcb3837c","578154"
"Meathook Massacre II","DSK","108","3db59d06-a226-42b2-8f01-6b63a6eea83f","575266"
"Miasma Demon","DSK","109","6d167c00-75ff-4301-855a-8319b89e3689","578340"
"Murder","DSK","110","2c249609-9cf7-46f1-b94c-9329add966bb","577667"
"Nowhere to Run","DSK","111","fee60e9d-9ee7-444a-88f3-c1929e1888fb","557277"
"Osseous Sticktwister","DSK","112","4f43473e-1302-4543-b331-1a86cfbc3ced","578152"
"Overlord of the Balemurk","DSK","113","9b911653-7b96-4cf3-a907-13c5c53a14f7","578886"
"Popular Egotist","DSK","114","35e64605-8edb-4def-9522-765e90d1f0f3","576878"
"Resurrected Cultist","DSK","115","e41bd259-e81f-432a-bebf-4c6534f23db7","577668"
"Spectral Snatcher","DSK","116","68f90f57-94a0-4ee1-9383-093e8fca52ea","578057"
"Sporogenic Infection","DSK","117","eaae086e-0781-4f4d-bc9c-a98228bc380c","578079"
"Unholy Annex // Ritual Chamber","DSK","118","0fb4c734-c698-46f2-bc78-5f036f472e5b","577669"
"Unstoppable Slasher","DSK","119","c78da035-6b5b-4136-9ab6-f622b64fdc54","576892"
"Valgavoth, Terror Eater","DSK","120","7740ff55-67bb-409e-90f7-2c2c8b8c770a","575065"
"Valgavoth's Faithful","DSK","121","995194a0-ceb7-48c2-be5d-a208b3971e77","575290"
"Vile Mutilator","DSK","122","383fe040-98bb-40f3-b809-48c429b83f47","577154"
"Winter's Intervention","DSK","123","b33d38fa-bbcf-4bcc-93a8-adbfd9c93faa","578341"
"Withering Torment","DSK","124","38048d14-3463-4157-951f-1d68ec78a64e","578058"
"Bedhead Beastie","DSK","125","77c72b5b-dd81-4eb4-80d9-a0124e27e1dc","578888"
"Betrayer's Bargain","DSK","126","7956ae00-8f0c-48f0-8110-19ff53863876","576879"
"Boilerbilges Ripper","DSK","127","1a68009c-83cd-455f-81e9-bdd720d23a43","579327"
"Chainsaw","DSK","128","54e0c2cd-fa5f-427d-8e15-6066f002a8e3","562747"
"Charred Foyer // Warped Space","DSK","129","a128e6d1-b90f-45a1-b587-f8c29bd0ec8c","577671"
"Clockwork Percussionist","DSK","130","10986e5a-9fc6-41e2-8352-289328245171","575169"
"Cursed Recording","DSK","131","d13a247c-c941-488a-b13b-bffb1f1f368a","557279"
"Diversion Specialist","DSK","132","acc9b17c-4210-49f4-a920-b1dc9dfa950f","577673"
"Enduring Courage","DSK","133","f46ac55f-d68e-4d5d-af0a-3879f97f705e","578062"
"Fear of Being Hunted","DSK","134","a0a5e716-68c1-4fa0-aa08-5b08114e08d8","577674"
"Fear of Burning Alive","DSK","135","b282f8e3-8b79-47e9-8c18-62284211442b","576880"
"Fear of Missing Out","DSK","136","9d48aaff-46ab-411b-9456-171d4709f951","557275"
"Glassworks // Shattered Yard","DSK","137","fe32f667-8d9f-4414-913e-256cbc2fbc45","576499"
"Grab the Prize","DSK","138","50895202-f1a1-4840-a11a-55b78b8b5929","576881"
"Hand That Feeds","DSK","139","297c2860-5a68-4a18-a23a-ca5cfdfbcac8","577155"
"Impossible Inferno","DSK","140","a35248f9-9a4e-4758-a4c1-0e0c83e3fd75","577675"
"Infernal Phantom","DSK","141","f0c5999f-a185-4fc7-86fa-c4e5b091e768","575118"
"Irreverent Gremlin","DSK","142","8da254f5-53f2-41d2-a4f0-a90b3dd6209c","577156"
"Leyline of Resonance","DSK","143","92c5f0e3-345a-40a8-9cda-565a62156692","575264"
"Most Valuable Slayer","DSK","144","c2b7b635-4c72-4129-bf95-1eef05cce3d3","577676"
"Norin, Swift Survivalist","DSK","145","49f0fdf4-3881-4327-924f-2c1b67ccda93","575067"
"Overlord of the Boilerbilges","DSK","146","d58d3545-043a-457a-8324-facc3c2363ec","576500"
"Painter's Studio // Defaced Gallery","DSK","147","e96901eb-5b57-43f4-a7b1-ae3b809bc36e","578342"
"Piggy Bank","DSK","148","55d35442-5ca0-4fd7-8ff1-b7347b3e6690","577677"
"Pyroclasm","DSK","149","4391b0af-2f26-4a45-9e2a-5bd8e9838107","575291"
"Ragged Playmate","DSK","150","000499a4-3f39-4d25-a2a2-b2f014e30754","577678"
"Rampaging Soulrager","DSK","151","569c914b-95af-428f-a142-6f20e418bc59","578064"
"Razorkin Hordecaller","DSK","152","f7fb0f11-d1d0-4941-a1a7-a2db88f30394","577679"
"Razorkin Needlehead","DSK","153","bc73b963-23c0-46d2-853a-34a8b463994e","575069"
"Ripchain Razorkin","DSK","154","effad662-3309-434c-addc-4394db1f359c","578343"
"The Rollercrusher Ride","DSK","155","70019956-fca1-4090-b3b6-6a963528e05b","578075"
"Scorching Dragonfire","DSK","156","a55f4f37-796a-4b18-a5ee-1d4f711f19b8","578889"
"Screaming Nemesis","DSK","157","ce35e6fb-ff54-44c4-a216-7ddd37f46882","562748"
"Ticket Booth // Tunnel of Hate","DSK","158","058ffe36-ed2d-4b67-83cd-162db8383a32","579332"
"Trial of Agony","DSK","159","fa62f67a-d20f-4d99-b0a2-327634299c9f","577680"
"Turn Inside Out","DSK","160","57e2a92c-06d3-4cb5-883d-cba428a7e98e","575171"
"Untimely Malfunction","DSK","161","857bfb0e-17dc-4dda-bc37-3df927a9eae6","576504"
"Vengeful Possession","DSK","162","d6918d50-a4c3-40d8-9480-343f14773a69","577681"
"Vicious Clown","DSK","163","12649f73-9d29-4eed-bc89-cc0d1a8969e3","576505"
"Violent Urge","DSK","164","a47c968b-1edd-45ac-a67c-311647e7e2fc","578890"
"Waltz of Rage","DSK","165","abf17d8b-12bc-4122-865d-50cf91f04f67","578891"
"Altanak, the Thrice-Called","DSK","166","807b0674-8eba-4204-b6b6-fa2b785a79e9","575272"
"Anthropede","DSK","167","51216ab0-9806-4faa-afbd-143e95dc255b","576882"
"Balustrade Wurm","DSK","168","76610e6e-b60f-494f-bb11-68371eb494f2","576883"
"Bashful Beastie","DSK","169","c20fa7ee-a4c2-4eb0-9467-195f3b894fa0","577157"
"Break Down the Door","DSK","170","209e9bbc-a15d-47fc-b149-6b0c57dd09ea","577682"
"Cathartic Parting","DSK","171","6afc250a-854d-4555-ba78-db9283fa7c22","578155"
"Cautious Survivor","DSK","172","ee2b4c1a-e058-4e06-bc46-e250fd9c9b54","577683"
"Coordinated Clobbering","DSK","173","d498cd5d-5807-4297-bc8a-c0941f2f5ce2","577684"
"Cryptid Inspector","DSK","174","820c2932-2e23-4f67-92d0-a630aec6f1b4","577685"
"Defiant Survivor","DSK","175","327772f3-5a87-47af-9308-c1119ad2711d","577686"
"Enduring Vitality","DSK","176","9d76a30c-0431-4334-892a-9822dda9671a","578080"
"Fear of Exposure","DSK","177","93bb4abc-5af1-4cf5-919b-244b6a36f8ec","578344"
"Flesh Burrower","DSK","178","60499c90-a512-4abb-98eb-0735a7138421","577687"
"Frantic Strength","DSK","179","bbd9d35d-7fd0-4193-9f7e-b8a59fae4ac5","578065"
"Grasping Longneck","DSK","180","7fddcd48-3efe-4b56-9d69-9659b3dc6021","575172"
"Greenhouse // Rickety Gazebo","DSK","181","a22e8038-0706-47ec-bfda-f421a4912774","577688"
"Hauntwoods Shrieker","DSK","182","744ef0bc-9973-450e-a0c4-056d8244f357","575071"
"Hedge Shredder","DSK","183","39e83502-2ffd-4169-94e3-116701323ed5","577689"
"Horrid Vigor","DSK","184","c175c998-7b80-4187-bdbc-5b6e0d7eac91","578345"
"House Cartographer","DSK","185","2a534918-a009-4f7d-87c9-5ef600b6e7c2","577691"
"Insidious Fungus","DSK","186","d60d2e62-06da-410a-81ed-6cebb2632fb6","576885"
"Kona, Rescue Beastie","DSK","187","6f035294-2787-4719-8520-227bf03e84e7","578149"
"Leyline of Mutation","DSK","188","2359b670-41f0-4ec7-8db9-3f87f7577bc3","576852"
"Manifest Dread","DSK","189","a649265b-6c32-49e7-b6cb-6086c40d26e8","578066"
"Moldering Gym // Weight Room","DSK","190","245d5a61-c40c-4039-aea8-3ad61415b8f0","578893"
"Monstrous Emergence","DSK","191","b999eb47-b842-47f1-be91-c79fc46e1896","579334"
"Omnivorous Flytrap","DSK","192","4370a197-68cc-46dd-bf0a-e9dab4ff6638","577158"
"Overgrown Zealot","DSK","193","96d68d29-499a-4864-be18-bd98fda0d173","577160"
"Overlord of the Hauntwoods","DSK","194","05d08ff1-edcc-4c76-96e0-683b3da36ebb","557276"
"Patchwork Beastie","DSK","195","895de583-36d2-43fd-927f-8876d4302c73","576506"
"Rootwise Survivor","DSK","196","d843c242-088f-4131-9e52-7ee2d0db5e20","578067"
"Say Its Name","DSK","197","94c58683-b5f2-4863-9562-6f6be1ec21fe","575269"
"Slavering Branchsnapper","DSK","198","5ed7ca4d-5895-4074-8315-656363d14862","575173"
"Spineseeker Centipede","DSK","199","b50d697c-8358-429b-8f79-7ad9d01a5edd","576507"
"Threats Around Every Corner","DSK","200","7201ee12-9104-48d8-aeec-08a318c8ee10","576508"
"Twitching Doll","DSK","201","416c025b-e40e-4d95-a774-ba3961f43808","575282"
"Tyvar, the Pummeler","DSK","202","5f7687b1-630a-4e95-89c7-eaf456d8cb68","575174"
"Under the Skin","DSK","203","0aaf1ad3-00ad-48ec-a71f-812649d55e14","577692"
"Valgavoth's Onslaught","DSK","204","7d4ba274-3c6f-4e12-ba2c-a81c3da3f7e2","577694"
"Walk-In Closet // Forgotten Cellar","DSK","205","0adcd4e5-d542-4293-8774-ace2305ef820","579343"
"Wary Watchdog","DSK","206","25ed97f2-b47e-49b7-9b1a-694c4bbeca3b","576887"
"Wickerfolk Thresher","DSK","207","b3a74892-20cd-47f7-b514-a4c7f14cca8b","577696"
"Arabella, Abandoned Doll","DSK","208","f683d5a1-b8bf-446f-9fe3-88a4398bf3cf","578068"
"Baseball Bat","DSK","209","438accb1-6d2c-4710-adeb-df4301a7b8f1","577697"
"Beastie Beatdown","DSK","210","5f889c95-46af-4fd9-aff2-573d5384fd58","578346"
"Broodspinner","DSK","211","dcdd2622-ab7a-4990-b026-3667cac42894","578347"
"Disturbing Mirth","DSK","212","f79b0c5d-6823-439c-a011-8b9bf424bdad","575072"
"Drag to the Roots","DSK","213","46f46095-6479-46b0-9e59-194d83f86a46","575293"
"Fear of Infinity","DSK","214","81756844-c642-406f-842d-35c1e404fec0","576895"
"Gremlin Tamer","DSK","215","3593a222-21c5-4f91-bde1-763ea08071da","578069"
"Growing Dread","DSK","216","5479ac50-8335-4c6a-be99-750a44e24f25","577161"
"Inquisitive Glimmer","DSK","217","f1f66e3e-9f1f-4601-aa30-30b66805a5a8","575292"
"Intruding Soulrager","DSK","218","adffc298-0219-4807-ab05-d94460e767bc","577698"
"The Jolly Balloon Man","DSK","219","a3c4e2e0-1c0e-475d-a0f4-1be4216c2bad","575080"
"Kaito, Bane of Nightmares","DSK","220","55a14f30-4ff9-4472-90a6-c3139f1c18e5","575076"
"Marina Vendrell","DSK","221","6428cddc-2fb6-41af-a643-e83c81dc04f5","578897"
"Midnight Mayhem","DSK","222","4fc0b94f-08b3-4fb6-9b09-2f3a215203ca","577699"
"Nashi, Searcher in the Dark","DSK","223","0fbf9e1e-43f2-499e-844d-22fc10dbad06","577700"
"Niko, Light of Hope","DSK","224","91ad013f-de8d-4980-b4b6-c7f91ff495b1","576509"
"Oblivious Bookworm","DSK","225","c7b4c50b-fe76-430d-8f96-208f15ca4cd7","577702"
"Peer Past the Veil","DSK","226","874eadb6-602e-47dc-8094-82e37ac89c94","575077"
"Restricted Office // Lecture Hall","DSK","227","ac794b2f-b5ea-449d-bb0b-4f0e6cc145ef","578071"
"Rip, Spawn Hunter","DSK","228","5f12e3b3-a260-4913-b13a-7fbb753dd702","578895"
"Rite of the Moth","DSK","229","0e79123f-accd-4193-8c72-b750e0d6f3fa","577704"
"Roaring Furnace // Steaming Sauna","DSK","230","94352ffb-d716-484d-b018-4e1c033ef2f3","579339"
"Sawblade Skinripper","DSK","231","cbe51964-50d2-49b0-9c3c-81751dcbeade","577705"
"Shrewd Storyteller","DSK","232","f9636877-8fcc-4ad5-8eb2-a5d5ba49583d","576888"
"Shroudstomper","DSK","233","53f746bf-0642-48db-835e-27a7fe369fef","579346"
"Skullsnap Nuisance","DSK","234","0fdcdfd0-8c66-4767-a894-58cf0c6d7e07","577162"
"Smoky Lounge // Misty Salon","DSK","235","4700987d-fc55-44eb-bc9f-0e0316ca65e2","575179"
"The Swarmweaver","DSK","236","dcf3b17b-f2f6-4702-864d-8c96100b0563","575275"
"Undead Sprinter","DSK","237","c6b96951-4884-4df7-bdf0-94be2bc044f0","575119"
"Victor, Valgavoth's Seneschal","DSK","238","51392ece-c9f5-46b0-9dce-0a1a0343a536","575270"
"Wildfire Wickerfolk","DSK","239","7c7fbc6e-09c6-4f0e-92e2-766aae950b3d","577706"
"Winter, Misanthropic Guide","DSK","240","e9b81421-44cb-440f-a6ac-3ddf620f1989","575082"
"Zimone, All-Questioning","DSK","241","7722f4f7-fe38-4107-a715-7b27b6a4e341","575084"
"Attack-in-the-Box","DSK","242","a477dc3e-0fa1-4ce4-b3de-8cae0d1a0763","576889"
"Bear Trap","DSK","243","e27c27d6-dc3a-4420-bb35-d97dc216e002","577163"
"Conductive Machete","DSK","244","1cf37c1a-096b-4306-97cf-bc4d4c47d4a1","578078"
"Dissection Tools","DSK","245","048bb2c6-91bd-4d6a-a070-c73d8277c264","578348"
"Found Footage","DSK","246","b12eb087-762e-4e7d-a6e0-f48df603b7c7","577707"
"Friendly Teddy","DSK","247","82b142be-4586-487a-8dd8-a55eff776458","577708"
"Ghost Vacuum","DSK","248","8ac39c01-127f-4471-bc74-11a90c48e306","575273"
"Glimmerlight","DSK","249","1071691c-5c65-42d4-ac96-d302185ca678","577709"
"Haunted Screen","DSK","250","5e7d552f-a7ac-4a49-a582-9d378137005f","576890"
"Keys to the House","DSK","251","8c11a413-7f33-4b63-bdd9-e143e529f56d","578896"
"Malevolent Chandelier","DSK","252","ef09d296-4493-47f7-ad76-ad76c747df78","578072"
"Marvin, Murderous Mimic","DSK","253","66898970-b99b-48f2-9240-68c301c95500","578074"
"Saw","DSK","254","603c3ef4-4ef1-4db8-9ed2-e2b0926269d5","576891"
"Abandoned Campground","DSK","255","ee0565f5-ebdb-43f9-bbb4-0485b1968937","575112"
"Blazemire Verge","DSK","256","d151c8e2-d715-470d-868a-f45191db9fa0","576512"
"Bleeding Woods","DSK","257","cb224874-aff5-461f-82ee-89b06663231a","575111"
"Etched Cornfield","DSK","258","f8900b89-0e10-4602-bba2-da8d60ea5885","575117"
"Floodfarm Verge","DSK","259","d53ed0db-1199-44b3-8eda-8189dfcf53d1","576514"
"Gloomlake Verge","DSK","260","83f510b7-4cbd-4883-9c26-c8824bc668ac","576518"
"Hushwood Verge","DSK","261","ec288d76-c1f5-471b-8a53-504f88469c1b","576520"
"Lakeside Shack","DSK","262","a9367acd-393a-4966-ba60-af2ecd4e7596","575115"
"Murky Sewer","DSK","263","6098d8be-4e3f-455d-8799-91435bf45a1c","575116"
"Neglected Manor","DSK","264","11cf1531-8a3c-4e28-a114-d3a342b33bb6","575114"
"Peculiar Lighthouse","DSK","265","3a6e40c0-e70e-4353-a920-9851cfac71dd","575110"
"Raucous Carnival","DSK","266","3604a211-9bf7-474e-bd78-32a862f4259c","575109"
"Razortrap Gorge","DSK","267","98d0d067-b52d-47ec-ba7b-8cfcd716c0e5","575108"
"Strangled Cemetery","DSK","268","c1ce9250-bdbe-4c77-9243-6db9ffffe69b","575113"
"Terramorphic Expanse","DSK","269","b379c8f1-817c-4f18-8f58-45c40504433e","577164"
"Thornspire Verge","DSK","270","7e1cdc03-6faa-4138-9a52-caafbe34fb59","576530"
"Valgavoth's Lair","DSK","271","65ff914e-3f3e-4b7a-b69d-73575b68fb8e","575086"
"Plains","DSK","272","e67ce864-bf29-42f1-81ca-a98022892eec","557258"
"Island","DSK","273","40e3bf00-84cc-498c-b214-1052b4904d92","557259"
"Swamp","DSK","274","7442c1c7-1c10-4387-92e6-4bdea263064f","557260"
"Mountain","DSK","275","8c8841b2-9b4e-4f65-8e30-1e9423cb8fbc","557261"
"Forest","DSK","276","ba2a4cbb-f325-4178-80db-7090f5672414","557262"
"Plains","DSK","277","1b499b37-efaf-4484-95e8-a70a9778c804","576526"
"Plains","DSK","278","756abff9-9810-4e2d-b1d7-ec4e2d6d5187","576527"
"Island","DSK","279","947702ca-d065-4368-9f26-f859d4642cb6","576522"
"Island","DSK","280","e1d10d9c-8771-4870-aebf-e767d0fada32","576523"
"Swamp","DSK","281","3c51de66-a3ed-4ca9-befb-9813e96c4ade","576528"
"Swamp","DSK","282","cbd95de0-702a-4b88-a1cc-981cf1d9673e","576529"
"Mountain","DSK","283","accb56f0-3903-4894-86f0-3965162064d4","576524"
"Mountain","DSK","284","1a44d8a4-21de-497d-9eed-702d7b592728","576525"
"Forest","DSK","285","e84c0880-728d-4ac2-b685-4f18f66c24db","576516"
"Forest","DSK","286","0da5fbc2-24ad-4520-a60a-436d3a485fec","576517"
"Grand Entryway // Elegant Rotunda","DSK","287","6ef39d0e-4caa-4808-949f-1d75e160dbc3","577649"
"Optimistic Scavenger","DSK","288","f67d6bd4-b03a-4d04-bc38-85b3ee39aa8a","578050"
"Reluctant Role Model","DSK","289","693a6f3e-d517-4978-8958-db189fe3f1f9","577653"
"Entity Tracker","DSK","290","2c0a079e-26f4-44ed-859a-f7df4b40a3cd","578336"
"Stay Hidden, Stay Silent","DSK","291","9fdd7bdd-2ba8-4658-9825-741aecad5f42","575167"
"Come Back Wrong","DSK","292","4abe8236-a9e3-435a-a459-833ec3af93c7","562749"
"Meathook Massacre II","DSK","293","cacb88b3-96a9-45e4-8053-2f8fcbe4028e","575267"
"Unstoppable Slasher","DSK","294","57d865cf-8c5f-4c27-a731-33564b01bc64","576893"
"Clockwork Percussionist","DSK","295","e44340c7-d3bb-4cf9-a105-ebbf6ce3ace1","575170"
"Cursed Recording","DSK","296","f1d2c67b-b523-4da3-826e-5f56f19914ba","579350"
"Norin, Swift Survivalist","DSK","297","f86f4026-b75a-4d74-871e-715ece0225d3","575066"
"The Rollercrusher Ride","DSK","298","bb57a981-e70b-4298-b620-577914d67cb7","578076"
"Kona, Rescue Beastie","DSK","299","3c3bfb93-c7f2-4a96-8c57-c356d8ce21c0","578150"
"Oblivious Bookworm","DSK","300","9f328937-6585-4325-a1f2-95facab2c58a","577703"
"The Swarmweaver","DSK","301","9b8fbdac-e3bb-4b6b-b210-febb23846c23","575276"
"Ghostly Dancers","DSK","302","851b9caa-bb70-4d84-8139-b70867193922","578874"
"Reluctant Role Model","DSK","303","1fcea7eb-3174-4549-a1de-8dda577cd0b9","577654"
"Split Up","DSK","304","7428a157-67e8-48fb-9882-54bf3ae001e3","575055"
"Unidentified Hovership","DSK","305","426b1aa9-e94f-4654-88c7-9cea52f1bc0a","578876"
"Unwanted Remake","DSK","306","be897dda-8603-4264-a022-87870f635b40","575057"
"Entity Tracker","DSK","307","885098d1-f9b4-429b-97b5-c5c448111e22","578337"
"Marina Vendrell's Grimoire","DSK","308","b976d642-3cf0-42c5-b3ba-12818e596f9c","579311"
"Come Back Wrong","DSK","309","0e8761b8-3583-422d-a23c-b3f0915ce15b","557266"
"Demonic Counsel","DSK","310","fa9defeb-d28e-451e-9333-914394231fbb","575061"
"Meathook Massacre II","DSK","311","b3686075-cef4-48b7-ac50-3e27282a3f70","575268"
"Unstoppable Slasher","DSK","312","0a30a301-8e87-46e7-89aa-cd55b1a14420","576894"
"Withering Torment","DSK","313","87e03d07-c491-4ea1-a2f7-49c022005059","578059"
"Chainsaw","DSK","314","1c8d0f4e-6b1e-4444-8851-adf857273964","557267"
"Cursed Recording","DSK","315","5aacedd1-de6b-4485-891e-0283ef33f3d4","575100"
"Fear of Missing Out","DSK","316","45b924a5-6533-4ca6-bd2e-32debdfb6c08","575101"
"The Rollercrusher Ride","DSK","317","4d14e9ee-f82f-4062-b972-9486377dacdb","578077"
"Waltz of Rage","DSK","318","dcecce11-59e3-4c95-bff9-b02d004c917b","578892"
"Balustrade Wurm","DSK","319","d7944c86-c578-48fa-b222-7fce3f5d301d","576884"
"Hedge Shredder","DSK","320","01595caa-7abd-4b47-8015-3754d8eb39cf","577690"
"Insidious Fungus","DSK","321","68fadf08-c799-47da-8330-5d0df7b41ca1","576886"
"Omnivorous Flytrap","DSK","322","f779cc02-2470-4fc0-ae08-503adeb8e0a9","577159"
"Under the Skin","DSK","323","9eb34e17-bc12-4a4e-a418-0dbd3e6665a8","577693"
"Valgavoth's Onslaught","DSK","324","3518fbe6-5640-4aca-a2fd-e83c82d2e2fd","577695"
"Peer Past the Veil","DSK","325","b70e7b3a-3fe2-4f3c-8292-b44e4a0fc5a4","575078"
"Ghost Vacuum","DSK","326","abf254c0-7c3c-4b68-8b3e-4ae444baa886","575274"
"Valgavoth's Lair","DSK","327","7b5041f1-7cb8-4b60-94f6-436430bbece4","575087"
"Kaito, Bane of Nightmares","DSK","328","79d24cf8-107e-4b5b-a4f5-a7498647abef","575074"
"Blazemire Verge","DSK","329","73a926c5-ba2b-4ac5-9717-6c9181f9a827","576513"
"Floodfarm Verge","DSK","330","025152a1-4fdf-4e4e-a792-c540dd43fccd","576515"
"Gloomlake Verge","DSK","331","b414e4bd-a443-4ab3-bee4-1ad1d039aa1a","576519"
"Hushwood Verge","DSK","332","2bc1b38f-11bf-4eb0-b333-4d605290e75b","576521"
"Thornspire Verge","DSK","333","a817f77d-19ea-4342-b90f-d92f62543303","576531"
"Dazzling Theater // Prop Room","DSK","334","988219dd-1b39-4c46-a3e3-844ca38e6e26","579143"
"Dollmaker's Shop // Porcelain Gallery","DSK","335","4b9225ce-f29d-4235-8e9d-98a4fd159f73","575043"
"Central Elevator // Promising Stairs","DSK","336","8634ba10-0312-4efe-9ddd-786c87d22131","575279"
"Mirror Room // Fractured Realm","DSK","337","f0c32b23-0586-4ac2-9304-d90b4636e7ae","575163"
"Funeral Room // Awakening Hall","DSK","338","da30e940-acba-4f10-bd0e-3a0b165233f9","576498"
"Unholy Annex // Ritual Chamber","DSK","339","681caa94-e95e-47f0-8305-eca0ed55cb5e","577670"
"Charred Foyer // Warped Space","DSK","340","c802966b-642c-4560-9c8e-e04adc9f41a4","577672"
"Walk-In Closet // Forgotten Cellar","DSK","341","c2e9868b-da2a-474d-8560-8bc4eb672cd3","579344"
"Restricted Office // Lecture Hall","DSK","342","e35b3ab8-9230-469e-8c01-5f735fea5c9e","578070"
"Roaring Furnace // Steaming Sauna","DSK","343","fe8e3d06-ae97-4f92-a379-b54e183e2aa0","579341"
"Abhorrent Oculus","DSK","344","5f89402a-ef5c-47c1-8cef-f40920f98fac","578052"
"Silent Hallcreeper","DSK","345","a0ee370f-99d1-44bc-9952-29bcafbf7887","577659"
"Doomsday Excruciator","DSK","346","50f9cecb-0ff7-4837-a8c5-4af394834e2c","557268"
"Razorkin Needlehead","DSK","347","25c34cb6-c8cb-4814-a647-9c63b10f02c4","575068"
"Screaming Nemesis","DSK","348","ad3f4c72-ff6e-4d7f-8eb8-45a0a9605fc0","557269"
"Hauntwoods Shrieker","DSK","349","0c6148f7-01cb-4789-87a6-53d741f44ec2","575070"
"Undead Sprinter","DSK","350","ef349a98-d4df-4eab-81e3-96a74aff5902","575120"
"The Wandering Rescuer","DSK","351","42e3837d-0481-42cd-a7da-56b7e5cb1b7e","557263"
"Valgavoth, Terror Eater","DSK","352","9ee79357-2488-41a1-8f8c-dfcb77206f8a","575063"
"Tyvar, the Pummeler","DSK","353","1c6f8dd7-6ec8-44b5-8827-192f255c4211","575175"
"Kaito, Bane of Nightmares","DSK","354","a7927a69-62a9-4f69-923d-f651bb03a7b4","575073"
"Niko, Light of Hope","DSK","355","bb6f4e4e-8c3c-4860-bc9e-cbce44bcdc23","576510"
"Toby, Beastie Befriender","DSK","356","cafe5755-88b0-4fee-8596-4232844f60fc","557264"
"The Mindskinner","DSK","357","3130a342-3c98-4c69-975b-a958ccddfe37","577661"
"Kona, Rescue Beastie","DSK","358","bf256f95-d184-4ea9-9039-fc64f461d9b3","578151"
"The Jolly Balloon Man","DSK","359","594df270-02d0-438b-a758-c32d71e8d4ff","575079"
"Marina Vendrell","DSK","360","f6424845-7e9b-4514-93aa-1cf6c45f634c","578898"
"Nashi, Searcher in the Dark","DSK","361","44aa4f0c-7b2b-44cc-a59f-95f276b25898","577701"
"Rip, Spawn Hunter","DSK","362","1ce8da0e-7822-4e8b-b073-5d4edcb38c59","578894"
"The Swarmweaver","DSK","363","f4542e4f-2fb7-4036-aefc-291f5c010ca8","575277"
"Victor, Valgavoth's Seneschal","DSK","364","1db4440e-0107-434d-9d8e-77a11bc0245a","575271"
"Winter, Misanthropic Guide","DSK","365","7cf9f742-a662-46b3-84e1-1609177d0c8a","575081"
"Zimone, All-Questioning","DSK","366","c8af5a2b-b87e-4ee2-88bd-f80670559875","575083"
"Marvin, Murderous Mimic","DSK","367","ed4f107a-ce90-464c-8be0-eb6c1db0f80f","578073"
"Enduring Innocence","DSK","368","6d908299-aac0-46a6-8fa5-780d5b3e0386","575046"
"Leyline of Hope","DSK","369","e6209ca8-3a2a-4c0a-9f86-54283af9df75","575099"
"Overlord of the Mistmoors","DSK","370","509735a5-2b41-4e52-9ab1-0e4a6fa41d1b","575051"
"Enduring Curiosity","DSK","371","ce740fb7-d2d1-451b-bfa0-27364b804161","575158"
"Leyline of Transformation","DSK","372","fd545d86-9a3e-4e4f-b0fe-9363a85b9290","576494"
"Overlord of the Floodpits","DSK","373","5b0d446b-75ac-49d8-911a-73d17419ff05","575285"
"Enduring Tenacity","DSK","374","5d2d0033-1a73-4927-93a9-76d00ae7c6a8","562750"
"Grievous Wound","DSK","375","b3222c21-8d81-487d-a0c4-2413b30a26ab","575281"
"Leyline of the Void","DSK","376","b30a559e-79f9-479e-8ef1-65fb91b9507d","575263"
"Overlord of the Balemurk","DSK","377","6da8e15d-033e-41ab-9f95-656a5737bdac","578885"
"Enduring Courage","DSK","378","98c10aa8-111a-4b02-a0a4-fee4c17f9c24","578061"
"Leyline of Resonance","DSK","379","c006baf9-451e-461c-9355-7bf5a4f0d601","575265"
"Overlord of the Boilerbilges","DSK","380","27266b27-3f16-4690-aaa0-07ea10b37bb6","576501"
"Enduring Vitality","DSK","381","400eaca3-d7ee-4334-bade-1b05f3591417","578081"
"Leyline of Mutation","DSK","382","cb5ad232-9863-454f-9455-9725e69fa33f","576853"
"Overlord of the Hauntwoods","DSK","383","3832d950-eb12-470f-9593-0f10d2a3a0f2","575102"
"Twitching Doll","DSK","384","0b47d003-bbdb-4c58-a648-3f0d7474f326","575283"
"Dissection Tools","DSK","385","0a376a56-7385-4d64-bbaa-952218531a76","578349"
"Enduring Innocence","DSK","386","7aca1ee8-c1ae-4052-b9d0-1a2903f61c88","575048"
"Overlord of the Mistmoors","DSK","387","1951ed76-16a1-4639-b824-08dfc3d6d098","575053"
"Enduring Curiosity","DSK","388","86b3b6b0-ad74-43d1-bf2d-fc830214bdb4","575159"
"Overlord of the Floodpits","DSK","389","3194a6f4-f994-494c-aa29-1de8af48a3f1","575286"
"Enduring Tenacity","DSK","390","e74a0fbc-7150-4c44-983f-ac31e74644fd","557271"
"Overlord of the Balemurk","DSK","391","49993a18-f733-4d1f-b629-12fc45cbb327","578887"
"Enduring Courage","DSK","392","82c7fa72-3c5f-49db-95f0-9a1c5d404651","578063"
"Overlord of the Boilerbilges","DSK","393","8607011b-0222-47c2-a537-b817dff93541","576502"
"Enduring Vitality","DSK","394","2999c030-66c1-41f3-b59a-8ba1ef5a756c","578082"
"Overlord of the Hauntwoods","DSK","395","5033440c-7d52-4f2c-bc62-ccd6d587d528","562741"
"Enduring Innocence","DSK","396","dc36adbc-544c-46a1-9e99-92cc7b2b2af1","575045"
"Overlord of the Mistmoors","DSK","397","5b2c4873-dfa7-4dd8-aded-a5d1b6048ad7","575050"
"Enduring Curiosity","DSK","398","d1c10e8d-b393-41fd-ba31-5e39b2dc7cce","575160"
"Overlord of the Floodpits","DSK","399","bf42de20-43af-4c37-a5af-aa7c48699596","575287"
"Enduring Tenacity","DSK","400","59b698d6-4107-45d3-bc27-fb0746b7f91a","562751"
"Overlord of the Balemurk","DSK","401","49df3de4-ed62-4828-8256-a05220d9eada","578884"
"Enduring Courage","DSK","402","b07d4d21-2a88-4cfc-b0ce-9def76c20b7d","578060"
"Overlord of the Boilerbilges","DSK","403","0e8c085e-db0e-45a8-96d0-80b480361771","576503"
"Enduring Vitality","DSK","404","8a8c711f-f29f-4f6a-88c4-3dbf9ce471c3","578083"
"Overlord of the Hauntwoods","DSK","405","f9f3ecff-2d67-4676-8706-9191d67215fc","557270"
"The Wandering Rescuer","DSK","406","a9a4f2ba-2d16-4dda-85e8-dafce0d5ee1b","557265"
"Valgavoth, Terror Eater","DSK","407","497ec48f-5e6a-4f57-86ca-3640b7235002","575064"
"Tyvar, the Pummeler","DSK","408","bd10920a-25b2-4191-b7f2-c43dbd1c5cc5","575177"
"Kaito, Bane of Nightmares","DSK","409","14901700-881a-4c79-b162-aeeb1579757e","575075"
"Niko, Light of Hope","DSK","410","a54c9d18-76d7-4c24-ab19-7ad57d9a33a4","576511"
"Shardmage's Rescue","DSK","411","05652e01-1144-4214-b962-c34f677e0a07",""
"Valgavoth's Faithful","DSK","412","25ef0c5b-4bcf-435f-b9bb-c8175c7b4257",""
"Pyroclasm","DSK","413","f4005974-fac5-465f-b742-bcb41eb8ba74",""
"Drag to the Roots","DSK","414","f764d201-b62e-4968-a1fc-a69247859854",""
"Inquisitive Glimmer","DSK","415","e8cc1465-ee00-40f4-aaa9-02f0465beb88",""
"Grievous Wound","DSK","416","bea4b0aa-7ed8-4e1c-867b-50754447f41b","576535"
"Twitching Doll","DSK","417","23684053-024e-4e15-8aec-de3d4bc7f126",""
